ID,price
0,74.5378
1,168.0789
2,58.6031
3,95.4751
4,49.54036958874459
5,153.105
6,204.18
7,240.89
8,70.13626666666666
9,116.57
10,100.64618333333334
11,275.719
12,39.26156587301589
13,57.81543333333334
14,160.33756666666667
15,50.76712333333333
16,54.8617
17,64.631825
18,322.645
19,44.07200000000001
20,23.53021031746032
21,76.36914999999999
22,190.16
23,235.77599999999998
24,93.45650000000002
25,50.586000000000006
26,31.060883333333333
27,77.45706666666666
28,161.43
29,45.024899999999995
30,302.7275
31,59.06338333333332
32,103.90445000000001
33,106.48468333333332
34,184.23
35,82.56
36,46.787188888888885
37,92.61851666666672
38,73.73547243867243
39,171.28283333333331
40,64.7005
41,131.35
42,85.23
43,52.99960476190474
44,103.01056666666668
45,24.153939242424247
46,30.49560000000002
47,112.9301
48,43.46977499999997
49,78.1464
50,90.54807
51,191.8527
52,90.59830000000002
53,49.081670793650794
54,68.24973333333334
55,114.37130952380954
56,385.2016666666667
57,117.57
58,60.934550000000044
59,60.64970476190476
60,687.7216666666667
61,99.63799999999999
62,504.4
63,49.86158333333332
64,342.85
65,45.594900000000045
66,49.16767499999996
67,52.96085666666664
68,64.955
69,60.41194999999999
70,23.8629
71,85.68771904761905
72,74.63480000000001
73,76.06347000000001
74,124.84857142857143
75,128.39
76,52.54861833333332
77,274.58666666666664
78,25.224800000000002
79,310.90615
80,247.62032215007213
81,216.83
82,80.74645
83,75.7202
84,88.57863166666667
85,190.64
86,95.61321666666667
87,69.32
88,51.908926666666666
89,36.41795
90,48.22544285714285
91,57.769466666666666
92,70.84479999999999
93,142.665
94,95.3181
95,80.74512499999997
96,267.47
97,77.9161
98,205.625
99,42.898500000000006
100,163.73933333333335
101,76.04165
102,123.3
103,138.15
104,133.23
105,43.087299999999985
106,80.67696666666667
107,184.01
108,46.9358
109,101.568
110,89.34944999999998
111,87.68094523809523
112,62.740399999999994
113,101.79508750000001
114,313.25
115,145.78
116,61.69243333333332
117,138.5303142857143
118,88.36314999999999
119,17.676400000000005
120,72.27094000000001
121,139.37880952380954
122,482.765
123,195.995
124,106.9612
125,54.93834999999999
126,80.43717166666669
127,73.0089
128,78.07166666666667
129,40.38630000000002
130,218.07
131,70.40955
132,64.9282
133,40.1085
134,67.83650833333333
135,112.985
136,98.6312
137,49.661071428571425
138,51.28033333333332
139,56.750249999999994
140,669.78
141,214.2
142,75.22098333333332
143,143.921
144,48.91772023809524
145,314.85615
146,106.55
147,42.1765
148,76.12816499999997
149,84.97449999999999
150,176.96
151,39.52089999999999
152,60.12282603641457
153,244.5
154,152.25
155,50.21793333333333
156,50.61435833333333
157,107.11241428571431
158,150.9614
159,507.7816666666667
160,70.7648
161,46.77998
162,80.8394833333333
163,353.34114999999997
164,144.2029
165,62.88558571428572
166,127.219
167,87.84719999999999
168,45.83137285714287
169,71.1982333333333
170,52.305
171,20.4535
172,51.53583333333335
173,114.00505
174,56.67166666666666
175,75.8409
176,33.04501904761905
177,80.43
178,27.726666666666674
179,93.64
180,60.19708205128207
181,143.00779999999997
182,97.206
183,106.15064047619049
184,103.75229999999999
185,121.78516666666667
186,75.52014999999999
187,50.61005757575757
188,71.22036926406926
189,48.90845
190,167.41
191,92.48756666666667
192,50.92800000000001
193,82.91035000000004
194,62.918066666666675
195,74.20834999999997
196,180.575
197,136.8849
198,62.725383333333376
199,41.46
200,53.39561666666666
201,50.813200000000016
202,53.3494
203,110.42310000000002
204,67.9237
205,75.77879999999999
206,79.51705000000004
207,58.712001666666666
208,58.53850000000002
209,79.43169999999998
210,184.76666666666665
211,78.7305
212,82.96663333333336
213,73.68601666666666
214,71.3785
215,68.93579999999999
216,230.6548
217,59.47403809523809
218,117.29520000000001
219,138.395
220,79.25184999999998
221,71.16963333333332
222,94.71638333333334
223,59.921499999999995
224,72.76550000000002
225,232.5425
226,54.025
227,76.54789999999998
228,111.1963
229,139.27
230,203.71
231,186.7
232,45.03475
233,43.708499999999994
234,84.91465000000002
235,78.10607499999996
236,40.23520456210456
237,105.02799999999999
238,336.115
239,53.620549999999994
240,68.5716
241,161.1906
242,29.79355952380952
243,81.11179999999999
244,69.03858000000002
245,50.28046666666666
246,41.780300000000004
247,59.183166666666665
248,422.29229999999995
249,143.5678
250,64.3052
251,40.141116666666655
252,117.88
253,45.188925
254,134.91
255,54.69486666666668
256,86.99219999999997
257,60.40225
258,84.07405
259,201.1875
260,241.09
261,80.75155
262,77.66159999999998
263,118.58
264,48.6377
265,74.57969999999999
266,63.16780833333331
267,90.79849999999999
268,76.59
269,76.18015000000005
270,96.194
271,116.21385000000001
272,81.49765
273,50.15129999999999
274,77.48403999999998
275,76.56394999999999
276,84.85348166666665
277,473.93
278,139.4229
279,65.0552
280,36.31886666666667
281,124.2238888888889
282,82.93439999999993
283,67.37485
284,60.96414999999999
285,106.71083470695967
286,92.09000714285713
287,59.89961166666662
288,58.067249999999994
289,44.59976666666665
290,29.964313333333326
291,67.05953333333333
292,45.287866666666666
293,63.42850000000001
294,37.22307333333334
295,81.05427698412699
296,70.38730000000001
297,49.60728999999999
298,90.96563333333333
299,45.36258333333333
300,166.43830000000003
301,54.88684285714285
302,65.38127333333334
303,71.7776
304,135.6570476190476
305,42.982350000000004
306,32.9875
307,85.63056666666667
308,107.46449999999999
309,131.72525722222224
310,59.23377999999999
311,74.21209583333332
312,74.1285880952381
313,80.47030000000001
314,54.95626666666667
315,61.02528333333332
316,122.679
317,62.261100000000006
318,59.391433333333325
319,62.85
320,76.40600000000002
321,61.80889999999997
322,74.87111666666667
323,56.28670714285717
324,185.68339999999998
325,213.59
326,66.77974999999996
327,119.15
328,74.2903
329,51.33700000000001
330,92.56951666666666
331,55.19902499999999
332,208.945
333,69.23035714285714
334,145.50639999999999
335,61.68698333333333
336,62.61043333333333
337,226.648
338,51.57256666666666
339,53.207219047619056
340,98.55
341,122.13
342,68.52699999999999
343,152.84
344,68.5499
345,440.87
346,146.47
347,53.815099999999994
348,100.47769999999998
349,34.35906666666668
350,121.42
351,110.0
352,70.9735
353,173.615
354,57.406284761904764
355,76.5975
356,86.02250000000004
357,93.76
358,275.10400000000004
359,135.78
360,196.46
361,48.75771440961001
362,123.48
363,29.65187619047619
364,38.50664999999998
365,71.23455
366,67.1978
367,58.515276566416034
368,38.120466666666665
369,81.98944682539681
370,159.3889
371,51.59027499999999
372,44.95167761904761
373,74.89898333333332
374,134.74
375,212.54
376,127.32545000000002
377,63.705371428571425
378,98.29735416666666
379,111.34
380,78.47269999999999
381,65.41356666666665
382,52.92400000000001
383,56.55610000000001
384,49.324799999999996
385,41.23840000000001
386,85.01157916666666
387,198.37
388,212.74916666666667
389,57.25405000000001
390,62.301533333333325
391,67.0417
392,102.74648
393,50.90545
394,103.71
395,56.2663
396,75.4964
397,100.22405
398,95.46626666666667
399,114.85
400,111.51199999999999
401,271.47
402,89.93557142857142
403,115.05
404,106.76864285714288
405,41.194866666666655
406,56.12790000000001
407,137.879
408,905.8
409,59.47403809523809
410,86.09513333333332
411,52.819943571428546
412,37.56673333333332
413,57.83266666666668
414,205.94
415,118.36060000000002
416,50.22964833333334
417,86.61115
418,33.10586666666668
419,103.72
420,57.96802698412699
421,78.67609999999999
422,150.6
423,56.85925
424,97.99
425,80.17951833333332
426,152.045
427,35.23347999999998
428,50.7393
429,72.61354999999999
430,98.10445
431,53.20310000000001
432,66.7551
433,92.0279
434,48.18383999999999
435,97.46610000000001
436,76.12835333333334
437,85.77451666666666
438,80.24644999999998
439,42.7508
440,446.61
441,157.72
442,61.310300000000005
443,101.2835
444,111.05
445,66.01846428571429
446,140.65
447,31.8703
448,80.43075
449,93.70765000000002
450,57.663399999999996
451,99.03379999999999
452,64.17803333333335
453,96.79469999999998
454,53.20506833333333
455,285.625
456,60.493170000000006
457,85.54629999999999
458,46.10535000000001
459,366.255
460,199.4
461,80.01096999999999
462,68.76700666666666
463,46.21793333333334
464,35.614063333333306
465,52.44845000000002
466,135.16136363636363
467,129.695
468,50.84143968253969
469,73.49466666666666
470,69.45911944444445
471,51.7386
472,125.04270000000001
473,171.80666666666667
474,69.56028571428574
475,62.454283333333336
476,63.971835
477,397.475
478,52.8998
479,62.58043333333333
480,52.19505
481,56.76856666666667
482,31.836433333333336
483,123.37
484,64.7552
485,295.0425
486,121.39915
487,62.80125
488,57.829350000000005
489,107.1725
490,280.63
491,93.91
492,56.09166623376625
493,58.861916666666666
494,122.0389
495,58.663050000000005
496,107.15681666666666
497,44.513999999999996
498,47.07874999999999
499,40.86481333333333
500,39.17036190476191
501,64.3116701831502
502,73.30109999999999
503,118.55590000000001
504,83.84
505,50.71649437229437
506,58.67371666666667
507,88.12
508,36.88998863636365
509,62.97577698412701
510,112.49
511,35.39703333333332
512,58.421805717158705
513,24.318324242424247
514,375.15
515,96.08955
516,186.96
517,65.0397
518,131.7
519,49.91969166666668
520,241.07
521,55.24111666666667
522,85.07583749999998
523,162.86
524,388.94
525,57.259528571428575
526,61.0175
527,40.309332307692294
528,163.12
529,84.14398333333334
530,196.71
531,132.01
532,57.67811666666667
533,50.888966666666676
534,498.38
535,118.2069
536,192.04
537,67.39437999999996
538,377.285
539,266.5
540,148.76
541,89.56450000000001
542,78.24847499999998
543,73.0399388888889
544,77.325
545,250.07857142857142
546,97.14276666666663
547,279.035
548,68.54159999999999
549,64.7745
550,464.625
551,55.299555952380935
552,62.0252
553,56.53909999999999
554,88.31049999999999
555,109.64313333333334
556,57.60553809523811
557,22.468666666666664
558,77.505
559,80.40075
560,49.94593333333334
561,62.925271428571435
562,73.190665
563,160.30116666666666
564,68.83345
565,154.42
566,146.27884999999998
567,73.926775
568,70.22835
569,33.631285000000034
570,358.53
571,94.12140000000001
572,160.69
573,156.86
574,68.025
575,81.29514999999998
576,167.61
577,57.00120000000001
578,126.97116666666666
579,81.35023333333334
580,34.666199999999996
581,25.1847
582,65.99924999999999
583,154.56470000000002
584,152.62666666666667
585,47.807705952380935
586,39.899408333333334
587,88.46375000000002
588,179.33900000000003
589,103.68
590,66.9493
591,113.91138333333335
592,100.2288
593,57.17149499999999
594,67.06896666666667
595,65.43079999999999
596,57.11965
597,399.0360999999999
598,80.37235
599,96.068
600,215.59
601,32.88924999999999
602,90.73899999999999
603,45.14824999999999
604,194.28
605,267.22
606,58.00097999999999
607,53.12535
608,55.655100000000004
609,386.0075
610,145.67166666666668
611,45.316299999999984
612,82.48360000000001
613,88.65342500000003
614,55.353449999999995
615,75.17619999999997
616,37.79939000000001
617,75.06393333333335
618,297.44460000000004
619,119.75946666666668
620,79.65259999999998
621,76.66175
622,79.35995000000001
623,57.47302285714283
624,81.07275
625,101.38025000000002
626,64.5893
627,120.83149999999999
628,53.75919365079366
629,55.40460000000001
630,38.60183333333333
631,115.41846666666666
632,54.24001666666667
633,62.14687142857143
634,305.86
635,41.382720490620486
636,239.76
637,70.87696666666666
638,442.765
639,153.83
640,57.46894476190476
641,344.82
642,101.384
643,63.814049999999995
644,65.3627
645,119.205
646,80.25655333333334
647,129.34
648,61.339699999999986
649,204.08333333333331
650,41.96808285714285
651,74.2017
652,55.871433333333314
653,163.31
654,141.29
655,52.3318
656,217.96114999999998
657,79.16344999999998
658,129.62
659,69.65
660,90.71311666666666
661,49.764199999999974
662,82.10284999999998
663,161.21556666666666
664,54.58474999999999
665,113.28665000000001
666,75.43019999999997
667,132.81
668,160.40915
669,349.115
670,54.747666666666674
671,141.08720000000002
672,330.5333333333333
673,74.3574
674,263.875
675,61.960598571428555
676,23.588
677,164.845
678,104.34966666666665
679,53.56676666666667
680,55.76873333333332
681,165.44
682,182.42666666666668
683,156.61275
684,65.1795
685,115.2773
686,49.545366666666666
687,240.24
688,73.150425
689,80.29899999999999
690,62.23633333333334
691,45.6757
692,70.38
693,118.27143333333338
694,205.49
695,74.21060000000006
696,117.00619999999999
697,79.54410833333333
698,53.244925
699,140.285
700,81.19989999999999
701,37.5835
702,590.875
703,69.05285
704,58.61320069264068
705,81.89435000000005
706,168.5266
707,109.89
708,97.03
709,65.21125
710,129.37
711,56.86096666666666
712,56.11696666666667
713,79.54410833333333
714,87.14299999999999
715,181.285
716,71.650625
717,47.51595
718,84.459
719,76.41601666666666
720,74.3594285714286
721,134.58083333333335
722,149.7
723,36.65551666666666
724,112.38
725,126.96833333333332
726,101.8
727,66.99859999999995
728,57.02810555555557
729,51.68765000000001
730,55.2394
731,58.87446666666667
732,122.52829999999999
733,93.6576
734,56.05870000000001
735,65.02456666666666
736,295.56
737,48.23339560439559
738,72.8125357142857
739,314.5241
740,103.07
741,31.521
742,101.5912476190476
743,515.045
744,83.17
745,59.67450000000001
746,146.805
747,23.923142857142857
748,72.92599999999999
749,303.76
750,104.3506
751,55.7314
752,114.11
753,139.0804
754,76.88996499999999
755,109.4998253968254
756,136.4
757,47.43989999999999
758,72.5311
759,194.92
760,50.75128333333332
761,101.6783
762,58.415
763,66.7005
764,132.085
765,76.61518333333332
766,69.8045133333333
767,401.23
768,189.91
769,80.19684666666666
770,35.78543333333333
771,41.568400000000004
772,58.064699999999995
773,87.9531
774,102.73419999999999
775,66.52474166666666
776,99.22446666666669
777,108.4437125
778,225.97
779,130.64
780,60.25560476190477
781,47.1726
782,25.410300000000003
783,65.97155000000001
784,184.64
785,111.68619999999999
786,50.15250000000001
787,190.39
788,58.11463333333332
789,90.449
790,87.34745000000001
791,51.38713333333336
792,41.12155
793,66.43322
794,89.40845000000003
795,76.41952500000001
796,140.9053142857143
797,48.72569000000001
798,73.54350000000001
799,86.09540000000003
800,130.5231
801,361.18
802,46.02403333333333
803,48.914033333333336
804,46.18193333333333
805,99.0491
806,50.844066666666656
807,95.355
808,82.17983571428572
809,113.01600000000003
810,358.06
811,143.83
812,64.97178763125765
813,55.78313333333332
814,162.62
815,131.136
816,84.15
817,79.05983333333333
818,133.26666666666668
819,184.175
820,73.45993333333332
821,82.76291666666664
822,52.018478333333334
823,347.46
824,107.78399999999999
825,126.565
826,233.27
827,108.67
828,57.96958095238096
829,24.6076
830,69.07460000000003
831,55.63649999999998
832,73.1452
833,26.094149999999996
834,128.49
835,53.679199999999994
836,54.136189999999985
837,89.32639999999999
838,42.81840000000001
839,85.33451666666667
840,270.6992
841,85.58069999999996
842,122.11030000000001
843,48.802066666666654
844,75.29390000000001
845,52.51322364718613
846,116.56604999999998
847,47.581
848,100.90599999999999
849,116.66
850,76.07849999999999
851,86.45916000000001
852,162.36946666666665
853,66.20495000000001
854,93.21258333333336
855,495.075
856,91.40725
857,73.445
858,78.0059
859,59.80753333333333
860,56.35379999999999
861,202.36
862,129.445
863,48.67385666666665
864,114.7
865,45.94020000000001
866,42.093900000000005
867,72.74039357142857
868,80.8689
869,71.80375
870,65.84383571428573
871,70.9482
872,68.22475000000001
873,43.5052
874,59.476533333333336
875,91.51221666666666
876,119.74543333333332
877,96.8997
878,55.79774047619048
879,51.85929999999999
880,87.86601666666665
881,122.4164
882,39.737899999999996
883,47.6366
884,54.66348499999998
885,162.266
886,23.920343650793647
887,95.43034999999998
888,285.2275
889,491.79
890,75.00080000000001
891,82.23719999999999
892,158.13
893,115.345
894,47.43967500000001
895,45.065200000000004
896,56.4104
897,107.11
898,57.136309999999995
899,80.3382
900,59.89165
901,64.20794166666666
902,105.89
903,308.73
904,50.29080000000001
905,23.115149999999993
906,75.03506333333334
907,140.94
908,61.15713666666666
909,126.91976666666667
910,55.10254761904761
911,280.32150000000007
912,137.17124999999996
913,59.12120333333335
914,42.102471428571434
915,53.517116666666645
916,105.0343
917,54.32071428571428
918,77.246
919,26.776500000000002
920,97.3917
921,150.599
922,47.8238
923,84.47173333333335
924,75.37229999999998
925,136.3271
926,61.561266904761894
927,50.95570000000001
928,483.25
929,39.617066666666666
930,79.16829999999999
931,34.52423666666665
932,200.97
933,46.99656499999999
934,87.58518333333333
935,159.65416666666667
936,184.32
937,141.30666666666667
938,51.72480000000002
939,87.77757548701302
940,216.29
941,333.28
942,66.54316666666666
943,43.89
944,73.46919999999999
945,53.02174999999999
946,57.881949999999996
947,92.50540000000001
948,259.57
949,94.44768333333333
950,226.72115000000002
951,200.4845
952,80.63680000000001
953,265.7525
954,79.21482499999999
955,90.05571666666667
956,88.47
957,153.763
958,75.77727999999999
959,68.99
960,75.76122619047618
961,37.82225
962,59.64739999999999
963,69.60330000000003
964,62.73033333333333
965,86.44083333333336
966,48.6525
967,74.6741
968,40.0448
969,60.03363333333333
970,31.975499999999982
971,71.39643333333332
972,65.0514375
973,49.130900000000004
974,52.39063571428571
975,43.20360000000001
976,47.38945357142856
977,100.47136666666667
978,34.67038333333333
979,43.891746666666684
980,64.19803333333333
981,67.13335000000001
982,69.5994
983,138.35784999999998
984,61.36126031746032
985,50.26748166666665
986,61.201010714285715
987,77.21874999999999
988,93.358
989,202.18900000000002
990,72.62
991,145.5375
992,90.15
993,37.43364999999999
994,51.11545000000002
995,117.49
996,176.0645
997,193.0445
998,88.84437000000001
999,134.02666666666667
1000,85.05
1001,87.15383333333335
1002,158.64
1003,55.110114999999986
1004,38.978640000000006
1005,76.58014999999999
1006,107.4482
1007,77.53099999999996
1008,151.22260000000003
1009,52.26880000000001
1010,59.34795833333334
1011,131.31333333333333
1012,140.4675
1013,99.9915
1014,77.12278999999998
1015,54.35516315789472
1016,57.750413333333306
1017,144.6924
1018,456.59
1019,250.68
1020,22.357951111111106
1021,47.17939166666668
1022,52.51406142857144
1023,77.21611666666666
1024,74.06646666666667
1025,70.40550000000003
1026,77.583925
1027,91.2632
1028,46.8034
1029,142.15
1030,35.84056527777778
1031,49.6983669025419
1032,76.97981904761905
1033,77.36269999999999
1034,75.5513888888889
1035,63.64415500000002
1036,111.16427166666666
1037,52.25510000000003
1038,318.10115
1039,93.82930714285715
1040,87.11491666666667
1041,105.77813333333332
1042,74.59673333333333
1043,68.86276666666667
1044,329.52615000000003
1045,94.5449
1046,225.91
1047,135.8089
1048,42.4416
1049,61.74415
1050,266.4565
1051,57.26991904761904
1052,151.5
1053,52.0101
1054,114.881
1055,50.61869999999998
1056,57.20557083333333
1057,86.18639999999999
1058,84.01145000000001
1059,65.15770000000002
1060,59.95403333333334
1061,102.04164999999999
1062,43.05642000000002
1063,161.62
1064,47.738625
1065,313.61115
1066,43.93764999999999
1067,53.461099999999995
1068,125.7409
1069,74.95566666666667
1070,52.93986424242423
1071,74.34505
1072,57.181149999999995
1073,222.775
1074,49.8549219047619
1075,81.82749746031749
1076,313.608
1077,119.07915000000001
1078,437.10566666666665
1079,65.66105000000002
1080,144.46220000000002
1081,137.58100000000002
1082,72.74
1083,167.51
1084,74.57969999999999
1085,60.03958333333334
1086,62.01003333333333
1087,51.93130000000001
1088,163.15
1089,126.7427
1090,428.355
1091,53.040600000000005
1092,76.2
1093,58.335249999999995
1094,160.66
1095,141.4962
1096,71.3417
1097,328.87119047619046
1098,82.92550000000001
1099,116.75063412698414
1100,64.11404999999999
1101,64.4303
1102,158.59
1103,101.74
1104,44.11196666666667
1105,48.11615
1106,75.84254833333333
1107,294.12
1108,140.05
1109,42.64647142857143
1110,96.04883333333332
1111,56.72385333333334
1112,193.01
1113,57.80513333333332
1114,81.25823333333334
1115,48.14239999999999
1116,67.1171064285714
1117,81.06834999999997
1118,203.73
1119,87.98223333333335
1120,93.18858333333337
1121,58.48163333333334
1122,134.91
1123,74.635
1124,210.555
1125,82.2799666666667
1126,56.16434999999999
1127,126.065
1128,56.5018
1129,54.737914999999994
1130,61.92306666666667
1131,52.7579
1132,77.34068333333333
1133,54.72860000000001
1134,123.5112
1135,97.6297
1136,109.7458
1137,259.6185714285714
1138,65.18905
1139,51.901016666666656
1140,131.55
1141,59.39286666666667
1142,46.77160833333333
1143,69.60467256410256
1144,69.49968333333332
1145,77.5415
1146,278.62345
1147,67.1705
1148,44.700066666666665
1149,89.5248333333333
1150,48.38956666666665
1151,84.913475
1152,66.34684999999999
1153,474.79
1154,50.003099999999996
1155,59.83448333333333
1156,129.58333333333331
1157,152.24
1158,51.53043333333334
1159,51.944014285714275
1160,136.41545000000002
1161,55.018744444444444
1162,59.446000000000005
1163,80.0368
1164,65.46622547619049
1165,83.17622499999999
1166,36.6516
1167,41.1435
1168,38.62129999999999
1169,65.24
1170,444.88
1171,89.45330833333334
1172,122.885
1173,101.575
1174,75.50868333333332
1175,209.92
1176,232.45
1177,74.38014285714286
1178,67.25103333333337
1179,35.64518750000001
1180,41.03545
1181,40.85026666666666
1182,60.8058
1183,100.82
1184,58.93515
1185,77.96270000000003
1186,223.56400000000002
1187,46.31395904761906
1188,145.91
1189,95.18
1190,50.7315496031746
1191,81.9002
1192,82.00689999999999
1193,66.2366
1194,59.403108333333336
1195,93.12261190476191
1196,75.37899999999999
1197,55.08519999999996
1198,71.39629999999998
1199,69.88695714285714
1200,75.38050000000001
1201,58.79339999999998
1202,217.35833333333335
1203,78.10132833333333
1204,97.3815
1205,139.31
1206,77.9025
1207,82.25455000000002
1208,72.23089999999998
1209,90.3272
1210,75.3467
1211,91.4898
1212,187.39571428571426
1213,48.74096666666665
1214,129.1093
1215,87.21689999999998
1216,95.061
1217,39.8915
1218,56.735
1219,38.932649999999995
1220,33.1604
1221,118.09
1222,164.55
1223,92.60145000000003
1224,50.9888
1225,39.905903174603175
1226,132.327
1227,462.475
1228,135.14425
1229,105.148
1230,153.85666666666668
1231,124.09
1232,273.92
1233,34.02308333333333
1234,511.56
1235,57.26290000000001
1236,68.99015
1237,54.133599999999994
1238,187.98603333333332
1239,58.563338095238095
1240,95.80395
1241,66.08828333333334
1242,63.17726666666665
1243,54.37930833333332
1244,73.98039999999997
1245,174.9
1246,123.42760000000003
1247,117.12
1248,56.09306333333332
1249,46.09140357142857
1250,113.105
1251,62.17004999999998
1252,167.3905
1253,54.57825833333333
1254,36.2544
1255,400.77
1256,109.335
1257,172.59
1258,72.01613333333333
1259,59.4104
1260,67.62104999999998
1261,90.7349666666667
1262,214.025
1263,114.59899999999999
1264,178.7373
1265,148.89600000000002
1266,49.70423333333331
1267,95.85425
1268,152.61
1269,170.4
1270,130.74
1271,98.9376
1272,49.84185833333332
1273,78.9858
1274,56.76173333333336
1275,56.522200000000005
1276,33.2717380952381
1277,53.38549999999999
1278,39.793791418767526
1279,82.15719999999999
1280,48.442166666666665
1281,202.82
1282,73.72705
1283,24.102742857142854
1284,116.2425
1285,73.76759999999999
1286,220.27
1287,311.02333333333337
1288,80.87712499999999
1289,79.83671809523808
1290,55.37032500000002
1291,69.21699999999998
1292,60.437949999999994
1293,86.57798333333336
1294,296.75
1295,205.72
1296,263.77
1297,77.09538333333332
1298,85.87219999999998
1299,412.38
1300,156.03
1301,51.3542
1302,222.90114999999997
1303,47.85712666666667
1304,160.669
1305,57.269773333333326
1306,59.678549999999994
1307,45.900999999999996
1308,102.915
1309,71.67603333333332
1310,116.40506666666666
1311,429.445
1312,54.515149999999984
1313,63.86800000000003
1314,65.85015
1315,31.998600000000007
1316,56.6839
1317,71.50034666666666
1318,61.535750000000014
1319,61.121449999999996
1320,68.9619
1321,82.95235000000001
1322,62.37148
1323,48.48603
1324,49.0097
1325,99.52915000000002
1326,40.1085
1327,101.44519999999997
1328,56.95957142857144
1329,61.2471
1330,404.54
1331,90.735
1332,125.54
1333,75.30677519841267
1334,79.39399166666666
1335,63.59840000000001
1336,64.408
1337,51.86402642857141
1338,62.98202380952381
1339,44.196200000000005
1340,79.79741666666666
1341,65.58198571428572
1342,105.71675
1343,42.28209999999999
1344,82.67755
1345,78.17888333333332
1346,81.61225000000002
1347,78.26043333333332
1348,91.50966666666665
1349,54.40520000000001
1350,73.04825
1351,46.41900323565324
1352,474.08
1353,41.03756428571429
1354,131.91366666666667
1355,113.07
1356,122.4131
1357,276.1428571428571
1358,82.65223333333331
1359,57.53125
1360,103.6166
1361,545.845
1362,42.612799999999986
1363,38.2008
1364,156.41
1365,96.5275
1366,75.44109999999999
1367,65.12033333333332
1368,75.77842500000001
1369,52.52266666666665
1370,821.05
1371,65.0514375
1372,45.682249999999996
1373,123.4551238095238
1374,87.69423333333333
1375,131.054
1376,185.415
1377,67.35810000000006
1378,56.78393333333334
1379,78.22415
1380,75.25930000000002
1381,34.979899999999994
1382,135.81040000000002
1383,263.5175
1384,35.130966666666666
1385,194.725
1386,83.70154999999997
1387,44.8269
1388,43.23128333333332
1389,210.68
1390,86.75073333333334
1391,45.13363333333333
1392,46.76600819131162
1393,344.715
1394,161.635
1395,53.787349999999996
1396,77.979
1397,89.28088333333334
1398,233.07614999999998
1399,146.99
1400,124.25400000000002
1401,55.42700000000001
1402,190.89
1403,136.22050000000002
1404,243.6
1405,227.40625
1406,52.00093809523808
1407,298.12615
1408,77.1
1409,49.048200000000016
1410,64.5232
1411,183.804
1412,119.18
1413,54.78175000000001
1414,233.1
1415,55.40803333333336
1416,77.33875
1417,170.53
1418,111.43
1419,83.17
1420,163.16
1421,65.565
1422,98.95
1423,109.67636666666667
1424,64.4605
1425,242.63
1426,71.1786
1427,70.50076666666666
1428,31.994599999999995
1429,99.82835714285714
1430,74.68549999999999
1431,74.68693333333331
1432,122.7975
1433,80.79964999999999
1434,55.605099999999986
1435,76.97972857142858
1436,132.05
1437,73.74825000000001
1438,62.64214999999999
1439,49.98695
1440,181.545
1441,105.1186
1442,83.08658333333331
1443,267.5125
1444,67.9902
1445,78.20786999999997
1446,101.31
1447,79.45
1448,94.598
1449,96.24640000000001
1450,66.01169999999998
1451,48.14245000000001
1452,43.25826666666669
1453,154.95
1454,46.823499999999996
1455,87.29107999999998
1456,55.7297880952381
1457,48.6524
1458,113.77
1459,169.59583333333333
1460,70.81625
1461,117.90893333333332
1462,58.019749999999995
1463,34.14784999999999
1464,72.78613333333334
1465,49.371033333333315
1466,70.6687
1467,167.53
1468,57.04650000000001
1469,52.32336666666667
1470,71.6958
1471,73.86
1472,102.55505000000001
1473,47.3640833333333
1474,43.17316666666667
1475,72.95783333333331
1476,79.14624999999998
1477,113.17
1478,141.78556666666668
1479,79.07580000000002
1480,92.36681746031745
1481,37.64376666666667
1482,84.17805
1483,35.760627777777785
1484,46.891749999999995
1485,45.746432467532465
1486,64.23218333333332
1487,41.476449999999986
1488,58.084916666666665
1489,83.52155
1490,38.799198051948046
1491,34.7449
1492,53.459800000000016
1493,53.9273
1494,110.70210000000002
1495,61.39758333333332
1496,89.59909523809525
1497,91.22776666666667
1498,71.44928333333333
1499,56.926050000000004
1500,51.22376666666667
1501,72.39857500000001
1502,56.656800000000004
1503,66.07620000000003
1504,54.227212261904754
1505,114.6268
1506,51.0851333333333
1507,53.17190000000001
1508,140.555
1509,79.32165
1510,32.99100000000001
1511,51.378649999999986
1512,49.9053
1513,85.1022738095238
1514,64.99717999999999
1515,53.89155000000003
1516,49.3443
1517,93.77661666666665
1518,93.40423333333338
1519,41.6604
1520,39.382600000000004
1521,100.5569
1522,63.31646666666666
1523,65.86880000000001
1524,158.8
1525,164.144
1526,60.45015
1527,84.89946666666667
1528,71.69806666666666
1529,51.3152
1530,55.535634523809506
1531,71.3761
1532,73.79759999999999
1533,90.11689999999999
1534,134.8748
1535,268.0783333333334
1536,191.1929047619048
1537,99.72314999999999
1538,67.03105183982683
1539,194.52
1540,56.84955
1541,56.143299999999996
1542,84.24
1543,70.631175
1544,82.80736666666668
1545,57.52769999999997
1546,381.75345
1547,43.008019999999995
1548,58.68891666666667
1549,83.33353333333336
1550,30.5761
1551,60.903066666666675
1552,315.28615
1553,140.34
1554,206.74
1555,119.4444
1556,213.975
1557,171.175
1558,150.6559
1559,211.66
1560,48.74357500000001
1561,205.91416666666663
1562,180.05
1563,55.08994154761908
1564,89.9682
1565,57.8419857142857
1566,78.72795
1567,36.1618
1568,86.04728333333337
1569,246.6473
1570,57.0845
1571,40.19840000000001
1572,51.916466666666636
1573,57.88445999999999
1574,290.5156666666667
1575,45.805125000000004
1576,322.14
1577,67.92946190476191
1578,309.2948
1579,68.2821
1580,56.7433
1581,86.51
1582,83.27839285714286
1583,51.08471499999997
1584,77.2238
1585,42.9318
1586,59.42210000000001
1587,71.31190000000001
1588,79.2593
1589,74.59475
1590,652.885
1591,66.72956038961038
1592,46.79793333333333
1593,156.13723333333334
1594,59.628433333333334
1595,246.26
1596,95.09
1597,189.7866666666667
1598,69.97265
1599,378.76
1600,41.61914999999999
1601,189.61
1602,90.55343333333336
1603,49.10565238095237
1604,314.535
1605,77.79709999999999
1606,158.74
1607,76.64940588235295
1608,29.341733333333327
1609,317.66115
1610,70.827
1611,58.4371
1612,114.6125
1613,144.94
1614,280.56
1615,48.75523333333333
1616,64.74959999999999
1617,117.2025
1618,70.90273333333333
1619,67.97979999999995
1620,40.38317499999998
1621,53.9657
1622,23.696410317460312
1623,68.568
1624,87.76
1625,129.1659
1626,60.435376767676765
1627,60.02445999999999
1628,56.32941666666667
1629,57.48070000000001
1630,63.3398
1631,81.54545
1632,38.01586256410258
1633,134.9863
1634,48.690747619047634
1635,206.91
1636,96.02439999999999
1637,80.76
1638,65.8274
1639,56.08270476190475
1640,44.70522000000003
1641,64.94300000000001
1642,68.02885
1643,73.66359999999999
1644,33.744299999999996
1645,40.23508666666667
1646,116.67925
1647,110.68
1648,62.256280000000004
1649,31.910550000000004
1650,67.3196
1651,127.31833333333333
1652,78.68390000000002
1653,52.91314666666668
1654,239.405
1655,167.125
1656,79.46224999999998
1657,96.76620000000007
1658,124.43416666666666
1659,208.93
1660,84.47655
1661,313.38730000000004
1662,37.625
1663,37.11706666666666
1664,58.180506904761884
1665,78.901
1666,27.21417619047619
1667,52.32919999999999
1668,54.80709999999999
1669,52.8998
1670,75.553855
1671,87.75383333333338
1672,53.044450000000005
1673,58.44195
1674,81.52096666666667
1675,328.54
1676,163.49
1677,83.92196666666666
1678,265.82
1679,189.94
1680,111.04
1681,425.28
1682,121.80359999999999
1683,292.43325000000004
1684,63.60139999999999
1685,82.11038333333332
1686,26.227433333333334
1687,61.0175
1688,53.95255
1689,52.464221428571435
1690,103.32863333333327
1691,217.114
1692,91.96799999999999
1693,59.501599999999996
1694,325.18
1695,151.98
1696,102.6
1697,96.1
1698,97.79175
1699,117.05
1700,58.243599999999994
1701,182.84
1702,62.75983
1703,72.51
1704,178.91
1705,57.65061190476192
1706,40.86789999999999
1707,133.11
1708,50.18218999999999
1709,133.36
1710,102.7
1711,76.1268
1712,61.96149999999999
1713,315.36
1714,54.58466666666667
1715,48.315666666666665
1716,244.495
1717,74.90683333333332
1718,461.84
1719,146.1715
1720,129.99
1721,41.4013
1722,38.7288
1723,45.34950670995671
1724,65.22215
1725,65.4772
1726,94.58425
1727,89.71630000000003
1728,39.06120000000001
1729,128.57
1730,112.4445
1731,82.93545000000003
1732,85.17
1733,142.2237
1734,144.19666666666666
1735,100.18
1736,76.8198
1737,77.54599999999999
1738,48.690841666666685
1739,89.444925
1740,57.623466666666715
1741,45.988204761904754
1742,73.42043333333329
1743,87.9347
1744,514.71
1745,109.5
1746,55.72831666666667
1747,55.60148476190476
1748,42.90180000000001
1749,195.975
1750,78.96179999999998
1751,51.0371
1752,110.34583333333332
1753,56.57624999999998
1754,43.24075
1755,124.6216
1756,365.585
1757,163.95
1758,138.0777
1759,87.94403333333334
1760,66.50273333333334
1761,88.00499999999997
1762,52.26507833333332
1763,84.1474
1764,44.75400000000001
1765,228.635
1766,118.4131
1767,71.1832
1768,60.83789333333335
1769,59.97180476190477
1770,56.053700000000006
1771,199.18466666666666
1772,152.4434
1773,85.84085000000003
1774,190.25
1775,311.6648
1776,66.28815
1777,38.07733333333333
1778,105.93071666666665
1779,87.14459999999997
1780,170.81
1781,104.51916666666668
1782,129.56810000000002
1783,182.4263333333333
1784,53.75919365079366
1785,85.445
1786,61.57066666666667
1787,215.08
1788,72.8989
1789,229.8789
1790,61.316033333333316
1791,98.96918333333335
1792,34.46167333333333
1793,213.19
1794,107.83106666666667
1795,220.98285714285714
1796,84.36509999999998
1797,81.62859999999999
1798,69.02269285714283
1799,99.19144999999999
1800,99.16331987012987
1801,103.29989999999998
1802,42.39621666666666
1803,110.109
1804,52.8998
1805,80.43296666666666
1806,46.140979166666654
1807,73.23334999999999
1808,136.42
1809,129.5215
1810,70.37296666666666
1811,205.13
1812,81.57740000000001
1813,65.16159999999999
1814,131.87415000000001
1815,65.6429
1816,74.81893611111113
1817,48.1074
1818,65.03065000000001
1819,56.15672072649572
1820,151.46
1821,100.11044
1822,41.84460000000001
1823,117.14309999999999
1824,106.6
1825,118.99616666666667
1826,48.11851818181819
1827,182.18
1828,210.05333333333337
1829,93.085
1830,66.14946666666668
1831,146.627
1832,69.19
1833,56.38584999999999
1834,87.94353333333335
1835,285.5744833333334
1836,50.76071547619046
1837,123.1221
1838,248.69563333333332
1839,260.65
1840,235.83
1841,55.31939999999999
1842,75.815225
1843,34.716508333333316
1844,47.02800833333336
1845,46.48103333333333
1846,70.11389999999999
1847,58.52598333333334
1848,124.48333333333333
1849,60.2949
1850,50.74846666666667
1851,167.855
1852,208.80614999999997
1853,53.35539999999999
1854,101.48134779942282
1855,285.82615000000004
1856,92.33017142857143
1857,147.01349999999996
1858,50.909400000000005
1859,88.22403333333334
1860,72.92839999999998
1861,52.57556666666664
1862,67.99959119047622
1863,109.73
1864,194.65
1865,62.39183333333333
1866,57.136309999999995
1867,260.0
1868,72.99476666666666
1869,47.98500000000001
1870,79.20681666666667
1871,163.1931
1872,93.89550000000001
1873,329.01
1874,91.57749999999999
1875,81.86399999999998
1876,47.50949047619048
1877,42.7092
1878,92.28223166666665
1879,62.4713
1880,419.01
1881,190.8915
1882,75.93426249999999
1883,220.35
1884,52.442550000000004
1885,54.4258
1886,75.6599
1887,27.390226984126983
1888,156.535
1889,206.2375
1890,51.34402857142858
1891,75.70321666666665
1892,84.25398333333334
1893,45.3105409090909
1894,257.32
1895,139.88
1896,66.25817142857142
1897,58.24438333333333
1898,54.184625
1899,107.08086666666667
1900,46.1362
1901,127.3231
1902,148.89704999999998
1903,72.60789999999999
1904,64.95834999999997
1905,70.61118333333332
1906,36.69494999999999
1907,36.18068333333333
1908,93.855
1909,89.41249999999998
1910,44.805375
1911,83.824
1912,128.5209
1913,50.0888
1914,41.4318
1915,157.2
1916,160.23
1917,253.30375
1918,51.716300000000004
1919,38.27713333333333
1920,53.901125595238106
1921,59.71061071428571
1922,60.68975000000001
1923,72.66213333333333
1924,63.65256666666665
1925,120.52666666666669
1926,102.32911505772009
1927,48.816166666666675
1928,96.20193333333334
1929,51.83861904761905
1930,303.1066666666667
1931,65.8501
1932,174.22500000000008
1933,73.7125
1934,146.37664999999998
1935,88.5511
1936,41.985150000000004
1937,139.27
1938,116.325
1939,43.915600000000005
1940,73.79440238095239
1941,63.55954
1942,104.72035
1943,119.58
1944,138.16
1945,25.228450000000006
1946,119.33713333333336
1947,109.4341
1948,273.884
1949,49.07954285714286
1950,58.09961666666667
1951,50.87260000000002
1952,76.85179999999998
1953,57.972333333333324
1954,69.1373
1955,62.58182999999999
1956,76.57475000000001
1957,56.7501
1958,127.71
1959,198.5
1960,60.08925833333331
1961,64.24011563492064
1962,118.64924761904759
1963,42.08147142857144
1964,35.14927003968255
1965,64.4676
1966,82.27359999999999
1967,32.80805
1968,44.35073333333334
1969,121.62074999999999
1970,84.34370000000001
1971,124.72094999999999
1972,59.92291666666667
1973,53.740103333333316
1974,60.91576666666667
1975,70.03940000000001
1976,143.30280000000002
1977,168.27
1978,61.80500000000001
1979,45.29499999999998
1980,33.768950000000004
1981,39.562766666666676
1982,127.50996666666666
1983,141.82399999999998
1984,55.32696666666668
1985,79.63182833333333
1986,82.21249999999998
1987,88.78715
1988,62.97033333333333
1989,103.06490000000002
1990,72.57782857142858
1991,38.2146
1992,82.492823015873
1993,39.954633333333334
1994,149.905
1995,339.4
1996,52.131699999999995
1997,35.10333333333333
1998,67.69418333333334
1999,87.45264999999999
2000,157.457
2001,91.029
2002,24.005899999999993
2003,149.55
2004,140.825
2005,76.02597142857142
2006,35.028250000000014
2007,36.10310476190477
2008,81.8288
2009,77.4117
2010,244.23
2011,195.965
2012,119.26041904761905
2013,122.17
2014,78.9452
2015,77.90565714285715
2016,45.72531333333333
2017,42.11709083333333
2018,37.20595880952379
2019,338.645
2020,66.6952
2021,67.7221
2022,114.42507142857143
2023,112.56
2024,569.88
2025,64.87503333333333
2026,84.08
2027,65.62386142857143
2028,118.2433
2029,201.25125
2030,116.19619999999999
2031,425.82
2032,102.95
2033,139.9
2034,63.98489999999998
2035,52.08950000000001
2036,45.0524
2037,71.99010372381919
2038,66.98890833333334
2039,309.47448333333335
2040,21.945799999999995
2041,91.96799999999999
2042,55.10006666666664
2043,69.83273333333331
2044,95.63
2045,72.37944999999999
2046,56.23629
2047,135.29
2048,73.1518
2049,57.48445999999999
2050,58.0485880952381
2051,81.60966666666667
2052,150.52666666666667
2053,38.40173333333333
2054,70.04595555555555
2055,121.95139999999999
2056,55.054199999999994
2057,111.93266666666666
2058,58.81385833333334
2059,86.61500000000002
2060,70.44203333333333
2061,42.23386666666667
2062,53.40853333333334
2063,71.38153333333334
2064,96.215
2065,72.75318333333333
2066,83.8285
2067,75.4653333333333
2068,320.22
2069,29.525733333333328
2070,690.8114999999999
2071,83.41
2072,61.4982
2073,383.0
2074,77.55707
2075,52.69840833333332
2076,74.34326785714286
2077,118.99929999999999
2078,67.26089999999999
2079,67.1661
2080,90.52586666666666
2081,126.5159
2082,44.63700000000001
2083,72.07360000000001
2084,140.9368
2085,50.418500000000016
2086,432.03
2087,118.97436666666664
2088,77.10722499999999
2089,93.65979999999999
2090,29.113049999999994
2091,76.68887499999997
2092,142.26
2093,89.1204
2094,105.01799999999999
2095,43.84360777278278
2096,133.71
2097,395.87
2098,38.414214285714294
2099,84.64911904761907
2100,47.27426666666666
2101,122.36
2102,79.87114999999999
2103,179.71
2104,52.70756666666668
2105,29.646600000000003
2106,76.6805
2107,54.925499999999985
2108,378.38
2109,121.35
2110,55.83505555555556
2111,46.517333333333326
2112,52.63594761904764
2113,154.895
2114,75.39
2115,74.51575000000001
2116,76.24075
2117,57.02810555555557
2118,61.26215000000001
2119,79.8351
2120,77.18849999999999
2121,47.26219999999999
2122,87.60948333333334
2123,47.15196250000001
2124,66.38130000000001
2125,76.39671428571428
2126,32.5841
2127,150.64
2128,32.901700000000005
2129,35.66075238095237
2130,129.55160000000004
2131,49.3713
2132,114.17
2133,462.56
2134,135.9253
2135,227.995
2136,201.7139
2137,139.1448
2138,51.62349999999999
2139,58.16025
2140,204.59
2141,74.70006666666669
2142,247.89185714285716
2143,342.365
2144,66.24017893217892
2145,55.15709
2146,150.19
2147,59.18591666666667
2148,46.070699999999995
2149,54.13137142857144
2150,65.21005
2151,117.9575476190476
2152,273.33
2153,33.1604
2154,57.80870000000004
2155,59.664975000000005
2156,35.67792142857143
2157,136.1529
2158,67.01736666666669
2159,49.95341666666667
2160,67.88
2161,160.0679
2162,66.09069696969698
2163,44.50360000000001
2164,547.2283333333334
2165,284.775
2166,74.7235380952381
2167,74.0683
2168,132.3657
2169,71.78973333333333
2170,46.06965000000001
2171,51.966806978985936
2172,53.447300000000006
2173,97.245
2174,98.30335000000001
2175,37.92319999999999
2176,83.71933333333331
2177,106.68799999999999
2178,75.09134999999999
2179,56.49281666666668
2180,57.667049999999996
2181,47.42948809523808
2182,87.37484761904763
2183,143.94310000000002
2184,82.74853333333333
2185,45.09865
2186,284.72
2187,231.01
2188,67.18365
2189,66.82270000000003
2190,67.3405
2191,458.205
2192,116.2307
2193,63.337766666666674
2194,105.64990000000002
2195,51.591933333333365
2196,44.1712
2197,57.927833333333346
2198,78.70285000000001
2199,60.540229999999994
2200,78.71332499999998
2201,31.668650000000003
2202,65.6326
2203,56.349104035087706
2204,130.83305
2205,81.53628333333329
2206,76.81658333333334
2207,51.741499999999995
2208,363.66
2209,129.53
2210,124.9017
2211,203.268
2212,78.90389999999996
2213,66.43388888888889
2214,42.25229166666667
2215,167.835
2216,52.813499999999976
2217,118.79
2218,43.1208
2219,121.5086
2220,78.635
2221,59.29916666666668
2222,209.525
2223,70.0231
2224,67.57820000000001
2225,76.12953333333333
2226,68.53462142857143
2227,50.488328571428575
2228,79.99918333333332
2229,96.255
2230,74.593965
2231,68.35830000000001
2232,69.44673333333333
2233,66.41505000000001
2234,110.22
2235,39.6
2236,195.09
2237,255.82
2238,120.21666666666668
2239,243.835
2240,128.03
2241,65.2386
2242,57.02810555555557
2243,54.67376999999997
2244,54.804033333333344
2245,53.62053333333334
2246,62.85487222222224
2247,49.63663333333335
2248,76.22793333333334
2249,209.15
2250,155.47299999999998
2251,57.29196666666667
2252,360.37
2253,47.61186666666667
2254,34.5354
2255,48.50860000000001
2256,72.38251666666665
2257,121.855
2258,119.3581
2259,80.39880000000001
2260,70.484
2261,127.7536
2262,130.11833333333334
2263,60.02551007215006
2264,217.98
2265,334.33
2266,360.7
2267,55.3463
2268,69.96687952380952
2269,51.86972666666665
2270,419.445
2271,69.32394285714285
2272,415.865
2273,80.82280000000003
2274,138.71
2275,76.33935
2276,60.5608
2277,107.70583333333336
2278,193.34
2279,60.4013
2280,76.26862857142858
2281,79.55590000000001
2282,195.915
2283,36.5746
2284,90.96
2285,73.64784999999998
2286,264.2768571428571
2287,51.37966666666667
2288,69.70351666666667
2289,64.14376166666665
2290,53.6843
2291,150.26981666666669
2292,118.62333333333333
2293,82.72454999999998
2294,176.475
2295,68.08969000000003
2296,71.665925
2297,28.42665
2298,76.87150000000003
2299,63.92858333333333
2300,128.16833333333335
2301,169.99380952380952
2302,55.70410523809524
2303,139.43740000000003
2304,46.62845
2305,109.02
2306,277.3861904761905
2307,189.93
2308,178.02419999999998
2309,162.045
2310,84.66860000000001
2311,27.061666666666664
2312,63.04059047619048
2313,47.0743
2314,151.85094999999998
2315,47.90555000000001
2316,145.19205
2317,118.7575
2318,35.986174999999996
2319,42.7981
2320,137.22979999999998
2321,110.1
2322,42.624050000000004
2323,44.33997943722941
2324,67.7445
2325,78.3378
2326,45.14896666666666
2327,49.41933333333334
2328,83.65
2329,73.95123000000001
2330,85.35773333333334
2331,151.2999
2332,81.61874285714288
2333,66.04059166666666
2334,81.2115
2335,71.145
2336,117.69
2337,278.46
2338,333.53
2339,51.292465
2340,38.26946666666665
2341,335.04
2342,40.485100595238116
2343,70.98282142857143
2344,100.68165
2345,48.21471499999998
2346,61.58815
2347,54.93450000000001
2348,143.36426666666665
2349,56.656800000000004
2350,54.32637142857143
2351,192.205
2352,397.64
2353,42.75586666666667
2354,82.86991666666667
2355,134.2909
2356,58.07329999999999
2357,103.79529761904762
2358,58.5214
2359,81.98215000000002
2360,101.22118
2361,103.37329999999999
2362,85.42164999999999
2363,239.27
2364,146.875
2365,73.13600000000001
2366,463.81089999999995
2367,136.18333333333334
2368,383.805
2369,191.98666666666668
2370,80.50545555555556
2371,130.90744999999998
2372,65.96639999999998
2373,132.31
2374,73.96285000000003
2375,52.19505
2376,100.8833083333333
2377,71.90726666666659
2378,66.2891
2379,353.71
2380,99.05
2381,70.90015666666666
2382,82.4794
2383,65.59897777777778
2384,58.101496666666655
2385,41.028400000000005
2386,82.73365000000001
2387,128.83190000000002
2388,101.93393333333336
2389,177.3
2390,69.21491428571427
2391,64.33404999999999
2392,428.49
2393,47.298449999999995
2394,112.10569999999994
2395,55.94902499999999
2396,97.29
2397,127.94239999999999
2398,43.40540952380953
2399,32.75875952380953
2400,169.455
2401,83.73128333333334
2402,56.600199999999994
2403,86.09735
2404,61.57510476190477
2405,79.4175
2406,80.36130000000001
2407,230.53615000000002
2408,47.7978111111111
2409,56.14222999999997
2410,86.14918274420025
2411,180.665
2412,47.38945357142856
2413,97.28113333333339
2414,48.20753333333333
2415,75.96233333333333
2416,53.81327142857144
2417,285.97928333333334
2418,41.109899999999996
2419,67.172
2420,61.708600000000004
2421,69.69419999999997
2422,67.81744848484848
2423,88.83147500000001
2424,73.472
2425,67.11365
2426,132.1259
2427,78.02073333333331
2428,273.035
2429,242.94115
2430,205.66833333333335
2431,192.435
2432,57.84734523809526
2433,198.15
2434,105.15
2435,53.39252727272728
2436,104.939
2437,21.966699999999996
2438,54.20956666666667
2439,110.35600000000001
2440,197.675
2441,205.57049999999998
2442,66.03009999999999
2443,62.896510000000006
2444,71.25231666666667
2445,45.640630909090916
2446,75.02938333333331
2447,67.5717
2448,144.515
2449,37.0592
2450,74.16709999999996
2451,83.3694
2452,144.9512
2453,83.15299999999999
2454,88.705
2455,55.37706666666667
2456,126.87
2457,66.79746428571427
2458,76.9811833333333
2459,32.301000000000016
2460,62.273
2461,116.47836666666666
2462,64.85586666666667
2463,77.64
2464,60.69261666666668
2465,74.02560666666672
2466,52.8689
2467,44.11809285714286
2468,68.6481
2469,51.621264999999994
2470,101.09
2471,57.93630999999999
2472,45.85719999999998
2473,100.3359
2474,54.66348499999998
2475,62.13950476190479
2476,463.48
2477,78.02878333333332
2478,141.155
2479,40.59065
2480,89.11553333333333
2481,45.099580000000024
2482,73.12124523809524
2483,78.35250000000002
2484,50.95359999999999
2485,118.77915000000002
2486,65.58823333333332
2487,51.0703
2488,55.98276031746032
2489,99.52933833333336
2490,118.86
2491,34.85069999999996
2492,50.35180000000001
2493,59.96978333333333
2494,67.50721142857142
2495,36.303066666666666
2496,65.78015714285713
2497,76.0215
2498,237.485
2499,179.105
2500,272.03285714285715
2501,140.6909
2502,232.66
2503,77.38661499999998
2504,51.43355
2505,72.2727
2506,76.08253333333332
2507,51.245
2508,73.31668285714285
2509,68.58769999999998
2510,66.04513333333334
2511,615.46
2512,158.86
2513,125.165
2514,141.07
2515,91.85799999999999
2516,55.257561428571435
2517,68.43698888888888
2518,41.06605
2519,185.8
2520,37.098591666666664
2521,259.7275
2522,75.95100000000001
2523,98.61111666666666
2524,153.01
2525,60.052809523809536
2526,181.2789
2527,62.698600000000006
2528,257.17448333333334
2529,59.15034166666667
2530,60.52828333333332
2531,111.45
2532,55.760358333333336
2533,76.097365
2534,165.22330000000002
2535,118.48554999999996
2536,144.58
2537,83.06814999999997
2538,69.46480476190476
2539,33.391109004329
2540,61.46048333333334
2541,185.604
2542,124.77
2543,281.76615000000004
2544,285.62
2545,81.67684555555557
2546,169.31349999999998
2547,71.1829
2548,58.93149999999998
2549,130.8005
2550,46.79622142857141
2551,61.8421
2552,160.89
2553,56.18588571428575
2554,72.7324
2555,80.38948214285715
2556,59.10884999999998
2557,89.12
2558,50.77763333333334
2559,194.83
2560,60.351708333333335
2561,194.3673
2562,68.89292500000002
2563,283.05
2564,94.8562
2565,144.13
2566,43.09656666666666
2567,64.17483749999998
2568,69.31299999999999
2569,47.121700000000004
2570,109.835
2571,54.31800000000001
2572,58.298500000000004
2573,108.7031
2574,80.7636
2575,247.82
2576,73.40933333333334
2577,70.53169999999999
2578,68.4109
2579,385.76
2580,35.7372
2581,80.68566666666666
2582,60.000499999999995
2583,72.37927142857141
2584,191.56
2585,47.5702233333333
2586,49.502304761904746
2587,56.85465833333333
2588,46.39031666666663
2589,104.7849
2590,106.775
2591,219.205
2592,80.02421904761904
2593,70.58283333333334
2594,61.64114999999999
2595,104.98415000000001
2596,79.69354999999997
2597,71.72800000000001
2598,48.72255
2599,144.8245
2600,68.544925
2601,68.7062
2602,251.335
2603,48.56286107079194
2604,160.72
2605,74.98576666666666
2606,68.438725
2607,54.102750000000015
2608,128.1709
2609,61.74097547619048
2610,52.11214999999999
2611,56.77000000000001
2612,136.87
2613,293.0266666666667
2614,126.6384
2615,58.9577
2616,72.0077
2617,233.86125
2618,62.58213333333333
2619,125.5525
2620,865.575
2621,180.74
2622,73.73509999999999
2623,772.485
2624,71.64670000000001
2625,111.69
2626,56.299475
2627,101.4307
2628,77.03398809523809
2629,52.27770000000001
2630,220.55
2631,56.9759
2632,140.66719999999998
2633,97.26599500000002
2634,40.26480555555553
2635,46.44794999999999
2636,53.77163333333333
2637,122.14
2638,83.07649999999998
2639,101.79129999999999
2640,71.84030000000001
2641,38.446999999999996
2642,46.69371428571428
2643,115.03
2644,88.32
2645,119.17
2646,73.81559999999999
2647,128.36
2648,50.444593333333344
2649,233.245
2650,219.205
2651,59.910049999999984
2652,52.678945238095245
2653,60.53139999999999
2654,31.173166666666667
2655,195.66
2656,36.561900000000016
2657,441.48
2658,59.58959999999999
2659,98.59899999999999
2660,362.34
2661,71.12714999999999
2662,82.95
2663,232.295
